condition,avg_correlation,sem_correlation,avg_corr_lower_ci,avg_corr_upper_ci
1-10-10,0.43500362528002684,0.017818255860661308,0.38920034042189056,0.4808069101381631
2-10-10,0.3821161459861835,0.043523199732575,0.2702361993248549,0.4939960926475121
4-10-10,0.3899726149516826,0.05231579782711759,0.25549057534047237,0.5244546545628929
8-10-10,0.4914092394154057,0.03119751128010412,0.41121348360171106,0.5716049952291004
16-10-10,0.42684571545736044,0.01590644737565418,0.38595689076399886,0.467734540150722
32-10-10,0.3301801581380381,0.02286241997293832,0.271410436636914,0.38894987963916217
64-10-10,0.2725071773181616,0.041290148028750764,0.1663674728047203,0.3786468818316029
128-10-10,0.16214473577389452,0.026770911635321443,0.09332791660071237,0.23096155494707665
