condition,avg_correlation,sem_correlation,avg_corr_lower_ci,avg_corr_upper_ci
1-3-10,0.40821264139622304,0.021620506123236776,0.35263536107856686,0.4637899217138792
2-3-10,0.5646443806452908,0.028968988271375493,0.4901772255981315,0.63911153569245
4-3-10,0.4731017545484897,0.024824318040441908,0.40928881351167085,0.5369146955853085
8-3-10,0.4808959331135762,0.018365506671443762,0.4336858952617053,0.5281059709654471
16-3-10,0.3226783552068978,0.03483183085285344,0.2331402835145962,0.4122164268991994
32-3-10,0.1013632006598774,0.041664437871498525,-0.005738646524594437,0.20846504784434924
64-3-10,0.07251249383316505,0.05103432061575152,-0.05867540373572569,0.20370039140205579
128-3-10,0.0953798545037271,0.04261910745979584,-0.014176048983456216,0.2049357579909104
