condition,avg_split_half_corr,adj_corr_mean,adj_corr_sem,adj_corr_lower_ci,adj_corr_upper_ci
0,0.610106230388029,0.7561178180118823,0.032460064871161126,0.616453431287867,0.8957822047358975
90,0.665811973074418,0.7989426881274654,0.016395842500768823,0.7283970716358644,0.8694883046190663
180,0.6469412191159333,0.7849960361892451,0.019706496227458695,0.7002058264034232,0.8697862459750669
270,0.5172553201998032,0.681753264937481,0.007131403519232017,0.6510693121188927,0.7124372177560693
