condition,avg_split_half_corr,adj_corr_mean,adj_corr_sem,adj_corr_lower_ci,adj_corr_upper_ci
1-0-10,0.6508888466207542,0.7880490168382447,0.017115247617281545,0.7144080499583229,0.8616899837181665
2-0-10,0.6382145067904194,0.7785183213689297,0.01971392705623096,0.6936961393074069,0.8633405034304525
4-0-10,0.6804556815114072,0.8097595735870158,0.007204185923577607,0.778762463357696,0.8407566838163355
8-0-10,0.6099247562387194,0.7570459847190941,0.020088007473253424,0.6706142645301438,0.8434777049080444
16-0-10,0.3200160974372777,0.48039004492199955,0.05909808045280426,0.2261115277419391,0.73466856210206
32-0-10,0.18380349419544298,0.3078092032372017,0.04816316237502485,0.1005798411735025,0.5150385653009009
64-0-10,0.2654576668177659,0.41536390229588055,0.0571686716767916,0.16938696105263065,0.6613408435391305
128-0-10,0.18377338143542155,0.3016891102830122,0.08535897262220772,-0.0655809062739881,0.6689591268400126
