condition,avg_split_half_corr,adj_corr_mean,adj_corr_sem,adj_corr_lower_ci,adj_corr_upper_ci
0,0.6215447251279952,0.7665950150197759,0.002852625433241295,0.7543211584126396,0.7788688716269122
pow,0.6791459936917482,0.8087645207136979,0.00954179108944358,0.7677095072365131,0.8498195341908826
