condition,avg_split_half_corr,adj_corr_mean,adj_corr_sem,adj_corr_lower_ci,adj_corr_upper_ci
0.03,0.5510516713188645,0.7067661262800219,0.05016628003758432,0.4909180445376087,0.9226142080224351
0.9,0.05253341126773914,0.09941147332889776,0.019671541907231856,0.014771659844414559,0.18405128681338095
0.0,0.6678110941110798,0.8002758269657836,0.01812851760998846,0.7222751111858221,0.8782765427457451
0.1,0.5992302887870794,0.7487056990237536,0.020794493091256194,0.6592342165620126,0.8381771814854946
0.6,0.3344586723342296,0.4982924689752292,0.04781183924422622,0.2925747283392662,0.7040102096111922
0.2,0.5776602440665011,0.7321769950334357,0.008798913530833749,0.6943183257116335,0.7700356643552378
0.35,0.6078433300671959,0.7558631812073345,0.012135289674437041,0.7036492439639646,0.8080771184507045
0.05,0.7083658235526413,0.8281472366234338,0.02616660986377389,0.7155614012661731,0.9407330719806946
