condition,avg_correlation,sem_correlation,avg_corr_lower_ci,avg_corr_upper_ci
c01,-0.015485555444642552,0.020745572543373555,-0.06881374739451407,0.03784263650522896
c03,0.1890024186853404,0.02779290407232522,0.11755848431743865,0.26044635305324215
c05,0.4604585382207372,0.02289333852089147,0.40160933806186044,0.519307738379614
c10,0.43180173110842857,0.01845718425540518,0.38435602852449147,0.47924743369236567
c15,0.44253096031345435,0.031031451111173256,0.36276207575363606,0.5222998448732726
c30,0.48103798762712274,0.03246895287488282,0.39757388714481745,0.564502088109428
c50,0.42982647785612693,0.03682297942909368,0.33516999580168905,0.5244829599105648
c100,0.4438079284777712,0.05075273251090161,0.31334387617633885,0.5742719807792035
