condition,avg_correlation,sem_correlation,avg_corr_lower_ci,avg_corr_upper_ci
0,0.2716858462108605,0.030194608173892117,0.19406813490489766,0.34930355751682335
1,0.5559207939928998,0.03810031489333585,0.457980816596067,0.6538607713897328
3,0.5167117345402669,0.02694582793208627,0.44744527871186424,0.5859781903686695
5,0.4984998171357067,0.02394647769150239,0.43694343655446044,0.5600561977169529
7,0.46433887628174597,0.018692422273710516,0.41628847512090206,0.5123892774425899
10,0.3248292636052874,0.028663528773967956,0.25114731719368655,0.3985112100168883
15,0.21250136001274733,0.03591861312001553,0.12016962556518722,0.30483309446030743
40,0.04119813380330659,0.03551952603137763,-0.05010771462336396,0.13250398222997714
