condition,avg_split_half_corr,adj_corr_mean,adj_corr_sem,adj_corr_lower_ci,adj_corr_upper_ci
64-3-10,0.16271804121275704,0.2768615394257092,0.05035712331401615,0.060192325339012365,0.493530753512406
8-3-10,0.649836946294276,0.787616733589468,0.00931593778954033,0.7475334884296229,0.8276999787493132
16-3-10,0.4863423983910202,0.6528305277453925,0.033028963870826954,0.5107183661875436,0.7949426893032414
32-3-10,0.18659418542506168,0.3136773722882481,0.026530588140080198,0.19952546480688793,0.4278292797696083
4-3-10,0.6478248849318153,0.7860940916662686,0.010543512546120896,0.740729018629116,0.8314591647034213
2-3-10,0.7214761716824508,0.8368641777651384,0.027986540722238846,0.7164478119318453,0.9572805435984316
1-3-10,0.5756230751774488,0.7301045162965295,0.018870904444782004,0.6489095677753531,0.8112994648177059
128-3-10,0.17404015607531864,0.2956853674967734,0.026233496840836333,0.18281174070507383,0.4085589942884729
