condition,avg_correlation,sem_correlation,avg_corr_lower_ci,avg_corr_upper_ci
0,0.4343042336765999,0.03437116722008319,0.34595033555103577,0.5226581318021641
90,0.4962986280618649,0.038670099281386455,0.39689397326688003,0.5957032828568498
180,0.4769235504941305,0.017331122172552463,0.43237248264617334,0.5214746183420876
270,0.35290990500637104,0.03142529396757777,0.27212861515378417,0.4336911948589579
