condition,avg_correlation,sem_correlation,avg_corr_lower_ci,avg_corr_upper_ci
False,0.45639577808896314,0.021148758037327044,0.40203116483194273,0.5107603913459835
True,0.440195875543762,0.01687739022960968,0.3968111627865816,0.4835805883009424
