condition,avg_correlation,sem_correlation,avg_corr_lower_ci,avg_corr_upper_ci
0,0.3496297346388911,0.01931474806936312,0.31070341767134635,0.3885560516064358
