condition,avg_split_half_corr,adj_corr_mean,adj_corr_sem,adj_corr_lower_ci,adj_corr_upper_ci
0,0.7149172011603142,0.8337050248563689,0.0027399601508980437,0.8275068043750801,0.8399032453376577
