condition,avg_split_half_corr,adj_corr_mean,adj_corr_sem,adj_corr_lower_ci,adj_corr_upper_ci
False,0.6224079035967551,0.7668185665938085,0.01646976095478024,0.6959549046642803,0.8376822285233367
True,0.6117023890736416,0.7585780528572387,0.017537706257683645,0.683119393155007,0.8340367125594703
