condition,avg_split_half_corr,adj_corr_mean,adj_corr_sem,adj_corr_lower_ci,adj_corr_upper_ci
0,0.662906202179312,0.7967042475633115,0.004572882159398921,0.7874110329031161,0.8059974622235069
