condition,avg_split_half_corr,adj_corr_mean,adj_corr_sem,adj_corr_lower_ci,adj_corr_upper_ci
0,0.7065289601894333,0.8272031077356583,0.002808682808391327,0.8216443758739148,0.8327618395974018
