condition,avg_correlation,sem_correlation,avg_corr_lower_ci,avg_corr_upper_ci
0.0,0.4998593436451963,0.0228225116265791,0.44119220981431345,0.5585264774760791
0.03,0.3748182041254419,0.03729366585369172,0.27895178409765176,0.4706846241532321
0.05,0.5435634614803937,0.03474852865380607,0.4542395249078318,0.6328873980529556
0.1,0.42469154603196113,0.02471512137877802,0.36115930395012763,0.48822378811379463
0.2,0.4041507367064437,0.03191375707016241,0.32211381247497417,0.4861876609379132
0.35,0.4363234449392248,0.03172669266329513,0.35476738507414246,0.5178795048043072
0.6,0.2033654162574519,0.04009047248257732,0.10030957591166113,0.30642125660324265
0.9,0.028016951774923544,0.018966347155464327,-0.02073759571128553,0.07677149926113262
