condition,avg_correlation,sem_correlation,avg_corr_lower_ci,avg_corr_upper_ci
0.4,0.05226832651009827,0.040822695161957766,-0.052669752154948804,0.15720640517514534
0.45,0.06174137489852741,0.03791394270496712,-0.03571951753621701,0.1592022673332718
0.55,0.301092188618674,0.05456820416879623,0.1608201541790726,0.4413642230582754
0.7,0.342952281138212,0.05135967730506248,0.21092802757367576,0.47497653470274825
1.0,0.3952828060210371,0.037135065873050675,0.2998240802226151,0.4907415318194591
1.5,0.5421387371430687,0.025267033499485267,0.4771877597888776,0.6070897144972598
3.0,0.546376467918454,0.03070545798976849,0.46744557535506115,0.6253073604818468
inf,0.4631348531742096,0.026248347594212264,0.3956613276330594,0.5306083787153598
