condition,avg_correlation,sem_correlation,avg_corr_lower_ci,avg_corr_upper_ci
0,0.38812963911974263,0.01992206790084208,0.34657293368463804,0.4296863445548472
