condition,avg_correlation,sem_correlation,avg_corr_lower_ci,avg_corr_upper_ci
0,0.487531578213571,0.01637181565294362,0.4545363518118576,0.5205268046152844
