condition,avg_split_half_corr,adj_corr_mean,adj_corr_sem,adj_corr_lower_ci,adj_corr_upper_ci
0,0.7214440953556692,0.8381334902831656,0.0006904129052067119,0.8367670774570304,0.8394999031093009
