condition,avg_correlation,sem_correlation,avg_corr_lower_ci,avg_corr_upper_ci
bw,0.4194983656425748,0.02058765564603204,0.36657611200054946,0.47242061928460016
cr,0.48399465631377714,0.02192311232916522,0.4276395019798105,0.5403498106477438
