condition,avg_split_half_corr,adj_corr_mean,adj_corr_sem,adj_corr_lower_ci,adj_corr_upper_ci
cr,0.6543532975466703,0.7908335570106865,0.011960768249822059,0.7393705248513266,0.8422965891700464
bw,0.5933700877652802,0.7445981495245118,0.01119035082387687,0.6964499560059004,0.7927463430431231
