condition,avg_split_half_corr,adj_corr_mean,adj_corr_sem,adj_corr_lower_ci,adj_corr_upper_ci
1-10-10,0.604788053036003,0.7529880691665939,0.021515024215713652,0.6604163914953749,0.8455597468378129
2-10-10,0.5674277545053622,0.7237673874663823,0.012793925140000884,0.6687195705392294,0.7788152043935351
4-10-10,0.5525757085198404,0.711217675876156,0.019765847446913752,0.6261720984039351,0.796263253348377
8-10-10,0.661431777617112,0.7956929964511495,0.017928207362215755,0.7185541461055535,0.8728318467967456
16-10-10,0.5985248089967116,0.74857147302778,0.013048815309526238,0.6924269522169462,0.8047159938386139
32-10-10,0.4985883060323351,0.6650709428081304,0.014981734336781205,0.6006097426683963,0.7295321429478645
64-10-10,0.43776225870196606,0.6029328774307054,0.06632987303713188,0.31753846814709147,0.8883272867143195
128-10-10,0.2801688613235675,0.43440831124024143,0.05120589898590015,0.21408711019201324,0.6547295122884697
