condition,avg_correlation,sem_correlation,avg_corr_lower_ci,avg_corr_upper_ci
0,0.4509375267525824,0.010826275973164877,0.4231076983883789,0.4787673551167859
pow,0.5155297462188274,0.013380971705043026,0.48113286341068034,0.5499266290269745
