condition,avg_split_half_corr,adj_corr_mean,adj_corr_sem,adj_corr_lower_ci,adj_corr_upper_ci
0,0.8270818825555567,0.9052357925515849,0.0010380303271587115,0.9031814017048172,0.9072901833983527
