condition,avg_correlation,sem_correlation,avg_corr_lower_ci,avg_corr_upper_ci
0,0.3895408679763745,0.05631573440069224,0.2447766640654359,0.534305071887313
30,0.4692963071728862,0.04846988398243695,0.3447005038322342,0.5938921105135382
60,0.4599664244999582,0.029949734079415202,0.3829781820932756,0.5369546669066408
90,0.4541159689789039,0.025619209877890337,0.3882596934234446,0.5199722445343632
120,0.4096738021188922,0.020215603344933674,0.357707939363977,0.4616396648738074
150,0.06135448514713695,0.06019644909363158,-0.09338541346275844,0.21609438375703235
180,0.11664874263905477,0.05448899641263936,-0.023419681781328264,0.2567171670594378
