condition,avg_split_half_corr,adj_corr_mean,adj_corr_sem,adj_corr_lower_ci,adj_corr_upper_ci
30,0.6367498260172832,0.7779791017757639,0.00731518403084817,0.7465044052372054,0.8094537983143224
0,0.5701405498878449,0.7191605987604879,0.06891720010102065,0.42263381962281615,1.0156873778981597
120,0.581780551647803,0.7353039413713202,0.013730000314079118,0.6762285180412188,0.7943793647014216
60,0.6338018732208573,0.7743640873099391,0.030633192353155838,0.6425600986123261,0.9061680760075521
180,0.21807612315036087,0.35275705236965105,0.06483018937709237,0.07381526107958675,0.6316988436597153
150,0.1454296748234091,0.24896313556374014,0.06491196835920665,-0.030330522286949962,0.5282567934144302
90,0.6246056504565173,0.7687312071378373,0.011091258190450171,0.7210093748089321,0.8164530394667424
