condition,avg_correlation,sem_correlation,avg_corr_lower_ci,avg_corr_upper_ci
0,0.509123758196762,0.007570870123211083,0.491997260118502,0.5262502562750221
