condition,avg_correlation,sem_correlation,avg_corr_lower_ci,avg_corr_upper_ci
0,0.3441398048905764,0.00799623711655936,0.32802444788829893,0.36025516189285384
