condition,avg_correlation,sem_correlation,avg_corr_lower_ci,avg_corr_upper_ci
1-0-10,0.48507805776146523,0.019312985009568587,0.4354324493039518,0.5347236662189787
2-0-10,0.4673436225947049,0.02077082761623885,0.4139505104132682,0.5207367347761416
4-0-10,0.515527772516091,0.022447346235760994,0.45782503202420466,0.5732305130079774
8-0-10,0.4345639026080648,0.02468321391199337,0.3711136812807691,0.49801412393536054
16-0-10,0.17504345085772288,0.06463430703681845,0.008895675229936978,0.3411912264855088
32-0-10,0.09496675528802523,0.04260832133753472,-0.01456142158919671,0.20449493216524717
64-0-10,0.14232886123812835,0.08003758274775838,-0.06341429514149777,0.34807201761775447
128-0-10,0.08749896893712011,0.05165447800583948,-0.04528309395396635,0.22028103182820657
